name,value
Bentwisch,243.56516096380153
Dresden-Sued,514.1006333055683
Hamburg-Sued,564.7260469708923
Reuter,575.9499954567984
Wolkramshausen,-427.6115549468579
