name,value
Bentwisch,173.14469949278117
Dresden-Sued,214.74870431249363
Hamburg-Sued,187.6861160972006
Reuter,280.74538352175216
Wolkramshausen,168.8358185630472
